Receipt_Nbr,Equipment_Bag,Batting_Gloves,Baseballs,Glove,Bat,Eye_Black,Baseball_Cap,Undershirt,Cleats,Socks,Helmet,Pine_Tar,Belt,Pants
1,0,1,0,0,1,1,1,1,1,1,1,1,0,1
2,0,1,0,0,0,0,1,1,1,1,1,1,0,1
5,0,1,0,0,0,0,0,1,1,1,1,0,0,1
6,0,1,0,0,1,0,1,1,1,1,1,1,1,1
8,0,1,0,0,1,0,1,0,1,0,0,1,1,1
9,0,1,0,0,1,1,1,1,1,1,1,1,1,1
12,0,0,0,0,1,0,1,0,1,1,0,1,0,0
15,0,1,0,0,0,0,1,0,1,1,1,0,1,0
17,0,1,0,0,0,0,1,0,1,1,1,0,1,1
18,0,1,0,0,1,0,1,0,1,1,0,0,1,0
21,0,1,0,0,1,0,1,0,1,1,0,0,1,1
22,0,1,0,0,1,0,1,0,1,1,1,0,1,1
24,0,0,0,0,1,0,0,0,1,1,1,0,1,1
26,0,0,0,0,0,0,1,1,1,1,0,0,1,1
28,0,0,1,0,1,0,0,1,1,1,0,0,0,1
30,0,0,0,0,0,0,1,0,1,1,1,1,0,0
32,0,0,0,0,0,0,0,0,1,1,0,1,0,1
33,0,1,0,0,1,0,1,1,1,1,1,0,1,1
34,0,0,0,0,0,0,1,1,1,1,1,0,1,1
37,0,0,0,0,1,0,0,0,1,1,1,0,0,0
38,0,1,0,0,1,0,1,0,1,1,1,0,1,1
40,1,0,0,0,1,0,0,0,1,1,1,0,0,1
42,0,0,1,0,0,0,0,0,1,1,0,0,0,1
46,0,1,0,0,0,0,0,1,1,1,0,1,0,1
47,0,1,0,1,1,0,0,0,1,1,1,0,1,1
50,0,0,0,0,1,0,1,0,1,1,1,0,0,0
51,0,1,0,0,1,0,1,0,1,1,0,0,1,1
61,0,1,0,0,0,0,1,0,1,1,1,0,0,0
62,1,0,0,0,1,0,0,0,1,1,1,1,1,1
63,1,0,0,0,1,0,0,0,1,0,1,1,1,1
64,0,1,0,0,0,0,0,1,1,1,1,1,1,1
66,1,1,0,0,0,0,1,0,1,1,1,0,0,1
67,0,0,0,0,1,0,0,0,1,1,1,0,0,0
68,0,1,0,0,1,0,1,0,1,1,0,1,0,0
77,0,1,0,0,1,0,0,0,1,0,1,0,0,0
78,0,1,0,0,1,0,0,1,1,1,0,0,1,1
79,1,1,0,0,1,0,1,1,1,1,1,0,1,1
81,0,1,0,0,0,0,1,1,1,1,0,0,0,1
86,0,1,0,0,1,0,1,1,1,1,1,0,0,1
87,0,0,0,0,1,0,0,0,1,1,1,0,0,0
89,0,1,0,0,0,0,0,1,1,1,0,1,1,1
92,0,0,0,0,1,0,1,0,1,0,0,1,0,0
93,0,0,0,0,1,0,1,0,1,1,0,0,1,1
94,0,0,0,0,0,0,1,0,1,1,1,1,1,1
96,0,0,0,0,0,0,1,1,1,1,0,1,0,1
97,0,0,0,0,1,0,0,0,1,1,1,0,0,0
103,0,0,0,0,1,0,1,0,1,1,0,0,1,1
104,1,0,0,0,0,0,1,0,1,1,1,0,1,0
105,0,0,0,0,0,0,1,1,1,1,0,0,1,1
107,0,0,0,0,1,0,0,0,1,1,1,1,1,0
108,0,0,0,0,1,0,0,0,1,0,1,0,1,1
109,0,1,0,0,0,0,0,1,1,1,1,0,1,1
115,0,0,0,0,0,0,1,0,1,1,1,1,0,0
119,0,0,0,0,0,0,0,0,1,1,0,0,0,0
121,0,1,0,0,0,0,1,1,1,1,0,1,1,1
122,0,1,0,0,0,0,0,0,1,1,0,1,0,0
125,0,0,0,0,1,0,1,1,1,1,1,0,1,1
130,0,1,0,0,0,0,0,0,1,1,0,0,1,1
132,0,1,0,1,0,0,0,1,1,1,1,0,1,0
133,0,1,0,0,0,0,0,0,1,1,0,0,1,1
134,0,0,0,0,0,1,0,0,1,1,0,1,1,1
136,0,0,0,0,1,0,0,0,1,1,1,0,1,1
139,1,1,0,0,1,0,0,0,1,0,1,0,1,1
144,1,1,0,0,0,1,0,0,1,1,0,0,1,1
145,0,0,0,0,0,0,1,1,1,1,0,0,0,1
147,0,0,0,0,0,0,1,1,1,1,0,0,1,1
149,0,0,0,0,1,0,1,0,1,1,0,0,0,0
151,0,0,0,0,0,0,0,0,1,1,0,0,0,1
156,0,0,0,0,1,0,0,0,1,1,1,1,0,1
159,0,0,0,0,0,0,0,0,1,1,0,0,0,0
160,0,0,0,0,1,0,0,0,1,1,1,0,0,0
164,0,0,0,0,1,0,0,0,1,1,1,1,1,0
165,0,1,0,0,0,0,1,1,1,1,0,0,0,0
166,0,1,1,0,0,0,0,0,1,1,0,0,1,1
168,0,1,0,0,1,0,1,1,1,1,1,1,0,0
169,0,1,1,0,1,0,0,0,1,1,1,1,1,1
175,0,0,0,1,0,0,1,1,1,0,0,1,1,1
177,0,1,0,0,0,0,1,1,1,1,0,0,1,1
179,0,1,0,0,1,0,0,0,1,1,1,1,1,1
180,0,0,0,0,1,0,0,0,1,1,1,1,1,1
181,0,1,0,0,1,0,0,1,1,1,0,0,0,1
183,0,1,0,0,0,0,1,1,1,1,0,1,1,1
185,0,1,0,0,1,0,0,0,1,1,0,1,1,1
188,0,0,0,0,1,0,1,0,1,1,0,0,1,1
197,0,1,0,0,1,0,0,0,1,1,1,0,0,1
200,0,0,0,0,1,0,1,0,1,0,0,0,1,1
202,0,1,0,0,0,0,1,0,1,1,1,0,1,1
203,0,0,0,0,0,0,0,1,1,1,1,1,0,0
206,0,0,0,0,1,0,0,0,1,1,1,0,0,0
207,0,0,0,0,0,0,0,0,1,1,0,0,0,0
208,0,1,0,0,0,0,1,1,1,1,0,0,0,0
210,0,0,0,0,1,0,0,0,1,1,1,1,1,1
211,0,0,0,0,1,0,1,1,1,1,1,1,0,1
212,1,1,0,0,1,0,0,0,1,1,1,0,0,1
218,0,0,0,0,1,0,0,0,1,1,1,0,0,0
221,0,0,0,0,0,0,1,1,1,1,0,0,1,1
224,0,0,0,0,0,0,0,0,1,1,0,1,0,1
232,0,1,0,0,0,0,0,1,1,1,1,1,1,1
236,0,1,0,0,0,0,0,0,1,1,0,0,1,1
242,0,1,0,0,1,0,0,0,1,0,1,1,1,1
247,0,1,0,0,1,0,1,0,1,1,0,0,0,0
249,0,1,0,0,1,0,0,0,1,1,1,0,0,0
253,0,0,0,0,1,1,0,0,1,1,1,1,0,0
256,0,0,0,0,1,0,0,0,1,1,1,1,0,0
259,0,0,0,0,1,0,0,0,1,1,1,0,0,0
260,0,1,0,0,1,0,0,0,1,1,1,1,0,1
262,0,0,0,0,1,0,0,0,1,1,1,0,0,0
273,1,1,0,0,1,0,1,0,1,1,0,0,1,1
280,0,1,0,0,1,1,0,1,1,1,0,1,1,1
281,0,1,0,0,1,0,0,0,1,1,0,0,1,1
282,0,0,0,0,1,0,0,0,1,0,1,1,1,0
292,0,1,0,0,1,0,0,1,1,1,0,0,1,1
293,0,1,0,0,1,0,1,1,1,1,1,0,0,1
304,0,0,0,0,0,0,0,1,1,0,1,0,1,1
307,0,1,0,0,1,0,0,0,1,1,1,0,0,1
309,0,0,0,0,0,0,1,1,1,1,0,0,0,1
310,0,0,0,0,0,0,0,0,1,1,0,0,0,0
321,0,1,0,0,0,1,0,1,1,1,0,1,0,1
331,0,1,0,0,1,0,0,0,1,1,0,0,0,1
332,0,0,0,0,1,0,0,0,1,1,1,1,0,0
342,0,1,0,0,0,0,0,1,1,0,1,0,0,1
347,0,0,0,0,1,0,0,0,1,1,1,0,0,0
348,0,1,0,0,0,0,0,1,1,1,0,0,1,1
350,0,0,0,0,1,0,0,0,1,1,1,0,0,0
351,0,1,0,0,0,0,0,0,1,1,0,0,0,0
352,0,1,0,0,0,0,0,0,1,1,0,1,0,0
353,0,1,0,0,0,0,1,0,1,1,1,0,0,1
354,0,0,0,0,0,0,1,1,1,1,0,0,1,1
363,0,0,0,0,1,0,0,0,1,1,1,1,0,0
364,0,1,0,0,1,0,0,1,1,1,0,0,0,1
367,0,1,0,0,0,0,0,1,1,1,1,1,1,1
369,0,1,0,0,0,0,0,0,1,1,0,1,1,0
371,0,1,0,0,0,0,0,0,1,1,0,0,1,1
376,0,0,0,0,1,0,0,0,1,1,1,1,0,1
378,0,1,0,0,1,0,1,0,1,1,0,0,0,0
379,0,0,0,0,1,0,0,0,1,1,0,0,0,0
391,0,1,0,0,1,0,0,0,1,1,1,0,0,0
396,0,1,0,0,0,0,0,0,1,1,0,0,1,0
397,0,0,0,0,0,0,0,0,1,1,0,0,1,1
406,0,0,0,0,1,0,0,0,1,1,1,1,0,0
408,0,1,0,0,0,1,0,0,1,1,0,0,0,1
409,0,0,0,0,0,0,1,1,1,0,0,0,1,1
410,1,1,0,0,1,0,0,0,1,0,1,1,0,0
414,0,0,0,0,0,1,0,0,1,1,0,1,0,0
417,1,0,0,0,1,0,1,1,1,1,1,1,0,1
419,0,0,0,0,1,0,0,0,1,1,1,1,0,0
423,0,1,0,0,0,0,0,0,1,1,0,0,1,1
425,0,0,0,0,1,0,0,0,1,0,1,0,1,0
429,0,1,0,0,0,0,0,0,1,1,0,0,0,0
430,0,0,0,0,0,0,0,0,1,1,0,0,1,1
433,0,0,0,0,1,0,0,0,1,1,0,0,1,0
434,0,1,0,0,1,0,1,0,1,1,0,0,0,1
436,0,1,0,0,0,0,0,0,1,1,0,0,1,0
437,0,0,0,0,1,0,0,0,1,1,1,0,0,0
438,0,0,0,0,1,0,0,0,1,1,1,0,0,0
440,0,1,0,0,0,0,1,0,1,1,1,0,1,1
442,0,0,0,0,0,0,0,0,1,1,0,0,0,0
445,0,1,0,0,0,0,0,0,1,1,0,1,0,0
453,0,1,0,0,0,0,0,0,1,1,0,0,1,1
454,0,0,0,0,1,0,0,0,1,1,1,0,1,0
458,0,0,0,0,1,0,0,0,1,1,0,0,0,0
466,0,0,0,0,1,0,1,0,1,1,0,0,0,1
472,0,0,0,0,1,0,0,0,1,0,1,0,1,1
477,0,0,0,0,0,0,0,0,1,1,0,0,1,0
481,0,0,0,0,0,0,1,1,1,1,1,1,0,0
484,0,0,0,0,1,0,0,0,1,1,0,0,1,0
487,1,1,0,0,1,1,0,0,1,1,0,1,1,1
503,0,1,0,0,1,0,0,0,1,1,1,1,0,0
506,0,1,0,0,1,0,0,0,1,1,0,1,0,0
509,0,0,0,0,1,0,0,0,1,1,1,1,0,0
516,0,1,0,0,1,0,0,0,1,1,0,0,0,0
517,0,1,0,0,1,0,0,0,1,0,1,0,1,1
520,0,0,0,0,1,0,1,0,1,1,0,0,1,0
530,0,1,0,0,0,0,0,1,1,1,1,0,1,1
531,0,1,0,0,0,1,0,1,1,1,0,1,1,1
536,0,0,0,0,0,1,0,0,1,1,0,1,0,0
537,0,1,0,0,1,0,0,1,1,1,0,0,0,0
540,0,1,0,0,1,0,1,0,1,0,0,0,0,1
546,0,0,0,0,0,0,0,0,1,1,0,0,1,0
548,0,0,0,0,1,0,0,0,1,0,1,0,0,0
550,0,0,0,0,0,0,0,0,1,1,0,0,0,0
551,0,1,0,0,0,0,0,0,1,1,0,0,0,1
553,0,0,0,0,0,0,0,0,1,1,0,1,1,0
557,0,0,0,0,0,0,1,1,1,1,0,0,0,1
558,0,0,0,0,0,0,0,0,1,1,0,1,1,1
573,0,0,0,0,0,0,0,0,1,1,0,0,1,0
574,0,0,0,0,1,0,0,0,1,1,1,0,0,0
575,0,0,0,0,1,0,0,0,1,1,1,1,0,1
576,0,0,0,0,0,0,0,0,1,1,0,1,1,0
579,0,0,0,0,1,0,0,0,1,1,1,0,1,1
580,0,0,0,0,0,0,0,0,1,1,0,1,1,1
582,0,1,0,0,1,0,0,0,1,1,1,0,1,0
591,0,0,0,0,1,0,0,0,1,1,1,1,1,0
592,0,1,0,0,1,0,1,1,1,1,1,0,0,1
601,0,0,0,0,1,0,0,0,1,1,1,0,0,0
604,0,1,0,0,0,1,0,0,1,1,0,0,1,0
606,0,1,0,0,0,0,0,1,1,1,1,0,1,1
612,0,1,0,0,0,0,0,0,1,1,0,1,0,1
634,0,1,0,0,0,0,0,0,1,1,0,0,0,0
640,0,1,0,0,1,0,0,0,1,1,1,0,1,0
646,0,0,0,0,1,0,0,0,1,1,1,0,0,0
648,0,0,0,0,1,0,0,0,1,1,1,0,0,1
654,0,1,0,0,0,0,0,1,1,1,1,0,0,1
658,0,0,0,0,0,0,0,0,1,1,0,0,1,0
659,0,1,0,0,1,0,0,0,1,1,1,0,0,0
660,0,1,0,0,1,0,0,0,1,1,0,0,0,0
662,0,0,0,0,1,0,1,0,1,1,0,0,0,0
666,0,1,0,0,1,0,0,0,1,1,1,0,1,1
670,0,0,0,0,1,0,0,0,1,1,1,0,0,1
671,0,0,0,0,1,0,0,0,1,1,0,0,0,0
672,0,0,0,0,1,0,0,0,1,1,1,1,0,0
679,0,0,0,0,1,0,0,0,1,1,1,1,1,0
683,0,1,0,0,1,0,0,0,1,1,1,0,0,0
689,0,0,0,0,0,0,0,0,1,1,0,1,0,0
691,0,0,0,0,1,0,0,0,1,1,1,1,0,0
694,1,0,0,0,1,0,0,0,1,1,0,0,1,0
696,0,0,0,0,0,0,0,0,1,1,0,0,0,0
705,0,0,0,0,0,0,0,1,1,0,1,0,0,0
710,1,1,0,0,1,0,0,0,1,0,1,0,0,1
712,0,0,0,0,1,0,0,0,1,1,1,0,0,0
715,0,0,0,0,1,0,0,1,1,1,0,0,1,1
716,0,1,0,0,1,0,0,0,1,1,1,0,0,0
719,1,1,0,0,0,0,0,0,1,1,0,1,1,1
721,0,1,1,1,0,0,1,1,1,0,0,0,1,1
724,0,1,1,1,1,0,1,1,1,1,1,0,0,1
725,0,0,1,1,0,0,1,0,1,1,1,0,0,0
726,1,1,1,1,0,0,0,0,1,1,0,0,0,0
728,0,0,1,1,1,0,1,0,1,1,0,0,0,1
729,0,1,1,1,1,0,1,1,1,1,1,1,0,1
730,0,0,1,1,1,0,1,1,1,1,1,1,1,1
731,1,1,1,1,0,0,1,1,1,1,0,0,1,1
732,0,1,1,0,0,1,0,0,1,1,0,1,0,1
733,0,0,1,0,1,0,0,0,1,0,1,1,1,1
734,1,1,1,1,1,0,1,1,1,1,1,1,1,1
736,0,1,1,1,1,0,1,0,1,1,0,1,1,1
737,0,0,1,1,1,0,1,1,1,1,1,0,1,1
738,0,1,1,1,0,0,1,1,1,1,1,0,1,1
739,0,0,1,1,0,0,0,0,1,1,0,1,1,1
742,0,0,1,1,0,0,1,0,1,1,1,0,1,1
743,0,1,1,0,1,0,1,1,1,1,1,1,1,1
744,0,1,1,1,1,0,1,0,1,1,0,1,1,1
745,0,1,1,0,0,0,1,0,1,1,1,0,1,0
747,1,0,1,0,1,0,1,0,1,0,0,1,1,1
748,1,1,1,1,0,0,1,1,1,1,1,0,1,1
749,0,1,1,1,0,0,1,1,1,1,1,0,0,1
750,0,0,1,1,0,0,1,1,1,1,0,1,1,1
752,0,1,1,1,1,0,1,1,1,1,1,0,1,1
755,0,1,1,1,0,0,1,1,1,0,0,0,1,1
756,0,1,1,1,1,0,1,1,1,1,1,0,0,0
757,1,0,1,1,0,0,0,1,1,1,1,0,1,0
760,0,0,1,1,1,0,1,1,1,1,1,0,1,1
761,0,1,1,1,1,0,1,0,1,1,0,1,0,1
763,0,1,1,1,1,1,1,1,1,1,1,1,0,1
765,1,0,1,1,1,0,0,0,1,0,1,0,0,1
769,0,1,1,0,0,0,0,1,1,1,1,0,1,1
771,0,1,1,1,1,0,1,0,1,1,1,0,1,1
773,0,1,1,1,0,0,1,1,1,1,0,0,0,1
774,0,1,1,1,0,0,1,0,1,1,1,0,1,1
775,0,0,1,1,1,0,0,0,1,1,1,1,0,0
776,0,0,1,0,1,0,0,0,1,0,1,1,0,0
777,1,1,1,1,1,0,1,1,1,1,1,0,1,1
778,1,1,1,0,0,0,1,0,1,1,1,0,1,1
784,0,0,1,1,0,1,0,0,1,1,0,0,1,0
788,0,1,1,1,0,0,1,1,1,1,0,1,1,1
789,0,1,1,0,0,0,0,0,1,1,0,0,0,0
790,0,1,1,0,1,0,1,1,1,1,1,1,0,1
791,0,1,1,1,0,1,1,1,1,1,0,1,1,1
792,0,0,1,1,0,0,1,1,1,0,0,0,1,1
794,0,1,1,1,1,0,1,1,1,1,1,0,1,1
801,0,1,1,1,1,0,1,0,1,1,0,0,1,1
803,0,0,1,1,0,0,1,0,1,1,1,0,0,0
804,0,1,1,1,1,0,1,1,1,1,1,0,1,1
807,0,0,1,1,1,0,1,0,1,1,0,0,0,0
809,0,0,1,0,0,0,0,0,1,1,0,0,0,0
810,0,0,1,0,1,0,0,0,1,1,1,0,1,1
812,1,0,1,1,0,0,1,1,1,0,0,0,1,1
815,0,1,1,1,0,0,1,1,1,1,1,1,1,1
818,0,1,1,1,1,0,1,1,1,1,1,0,1,1
820,1,1,1,1,1,0,1,1,1,1,1,0,0,1
821,0,1,1,1,0,0,1,1,1,1,0,0,1,1
822,0,1,1,1,1,0,0,0,1,1,1,1,0,0
824,0,0,1,1,0,0,0,0,1,1,0,1,0,0
825,0,0,1,0,0,0,0,0,1,1,0,1,0,0
828,0,0,1,1,0,0,0,0,1,1,0,0,1,0
832,0,0,1,1,0,0,1,0,1,1,1,0,0,0
833,0,1,1,0,0,0,1,0,1,1,1,0,0,1
836,1,1,1,0,1,0,1,1,1,1,1,0,0,1
837,0,0,1,1,0,0,1,1,1,1,0,0,0,0
838,0,0,1,1,0,0,1,1,1,1,0,0,1,1
840,0,1,1,0,0,0,0,0,1,1,0,1,1,1
845,0,1,1,1,1,1,0,0,1,1,1,1,1,1
847,1,1,1,1,1,0,0,0,1,1,1,0,0,1
850,0,1,1,1,1,0,0,1,1,1,0,0,0,1
855,0,1,1,1,1,1,1,0,1,1,0,1,0,1
857,0,1,1,0,1,0,0,0,1,1,0,1,1,1
860,0,1,1,0,0,0,1,0,1,1,1,0,0,1
862,0,0,1,1,1,0,0,0,1,1,1,0,1,1
864,0,0,1,0,1,0,0,0,1,1,0,0,0,0
867,0,0,1,0,0,0,0,0,1,1,0,1,0,0
868,0,1,1,1,1,1,0,0,1,1,1,1,1,1
869,0,0,1,1,0,0,1,1,1,1,0,1,0,0
872,0,0,1,1,0,0,1,0,1,1,1,0,1,1
873,0,0,1,1,0,0,0,0,1,1,0,1,0,0
880,0,1,1,1,1,0,1,0,1,0,0,0,1,1
882,0,0,1,0,0,0,0,0,1,1,0,1,1,1
885,0,1,1,0,1,0,0,1,1,1,0,1,1,1
888,0,0,1,0,0,0,1,0,1,1,1,0,0,0
889,0,0,1,1,0,0,0,0,1,1,0,0,1,1
891,0,1,1,0,1,0,0,0,1,1,1,0,1,0
893,0,1,1,1,1,0,1,0,1,1,0,1,1,1
894,0,1,1,1,0,0,0,0,1,1,0,1,1,0
895,1,1,1,1,1,0,0,0,1,1,0,0,0,0
896,0,0,1,1,0,0,1,0,1,1,1,0,0,1
897,0,1,1,1,0,0,0,0,1,1,0,1,0,0
900,0,1,1,0,1,0,0,0,1,1,1,0,0,1
903,0,0,1,1,0,0,0,0,1,1,0,0,0,1
904,1,1,1,1,0,0,1,1,1,1,0,0,0,1
906,0,1,1,1,1,0,0,0,1,1,1,1,1,0
907,0,1,1,0,0,0,1,0,1,1,1,1,0,0
909,0,1,1,0,1,0,0,1,1,1,0,0,1,1
910,0,1,1,1,0,0,1,1,1,1,0,0,1,1
911,0,1,1,0,0,0,0,1,1,1,0,1,0,1
917,1,1,1,1,0,1,1,1,1,1,0,1,1,1
919,0,0,1,0,1,0,0,0,1,1,1,1,1,0
920,0,1,1,0,1,0,0,0,1,1,1,0,0,0
925,0,1,1,0,0,0,1,1,1,1,0,0,0,1
929,0,1,1,1,0,1,1,0,1,1,1,1,1,0
930,0,1,1,0,1,0,1,0,1,1,0,0,1,1
3,0,0,0,0,0,0,0,0,0,0,0,0,1,1
4,0,0,1,0,1,0,0,0,0,0,0,1,0,1
7,0,0,0,0,1,0,0,0,0,0,1,1,1,1
10,0,0,1,0,1,0,0,0,0,0,1,1,0,0
11,0,1,0,0,0,0,1,1,0,0,0,0,0,1
13,0,1,0,0,0,0,1,1,0,0,0,1,1,0
14,0,0,0,0,0,0,1,0,0,0,1,1,0,0
16,0,1,0,0,1,0,1,0,0,0,0,1,0,0
19,0,0,1,0,0,0,0,0,0,0,0,1,0,0
20,0,0,0,0,0,0,1,0,0,0,1,0,1,0
23,0,0,0,0,1,0,0,0,0,0,1,0,0,0
25,0,0,0,0,1,0,1,1,0,0,1,1,1,1
27,0,0,0,0,0,1,1,0,0,0,1,1,0,0
29,0,1,0,0,1,0,0,0,0,0,1,0,1,1
31,1,0,0,0,1,0,0,0,0,0,1,0,1,0
35,0,0,1,0,0,0,1,0,0,0,1,1,1,0
36,0,0,0,0,1,0,0,0,0,0,1,1,1,1
39,0,0,0,0,1,0,0,0,0,0,1,1,1,1
41,0,1,0,0,1,0,0,0,0,0,1,0,1,1
43,0,1,0,0,1,0,0,0,0,0,1,0,1,1
44,0,1,0,0,1,0,0,0,0,1,1,0,1,0
45,0,0,0,0,0,0,0,1,0,0,1,0,1,0
48,0,1,0,0,1,0,1,0,0,0,0,0,0,0
49,0,1,0,0,1,0,1,0,0,0,0,0,0,0
52,0,1,0,1,0,0,1,0,0,0,1,0,1,0
53,0,0,0,0,0,0,1,1,0,0,1,0,0,1
54,0,0,0,0,1,0,0,0,0,0,1,0,0,0
55,0,0,0,0,1,0,0,0,0,0,1,1,0,1
56,0,0,0,0,0,0,0,0,0,0,0,1,1,1
57,0,1,0,0,1,0,0,0,0,0,0,0,1,1
58,0,1,0,0,0,0,0,0,0,0,0,0,0,0
59,0,0,0,1,1,0,0,0,0,1,1,0,0,1
60,0,1,0,0,1,0,1,1,0,0,1,1,1,1
65,0,1,0,0,0,0,0,0,0,0,0,0,1,1
69,0,0,0,0,1,0,0,0,0,1,1,0,0,0
70,1,1,0,0,0,0,1,1,0,0,0,0,0,1
71,0,0,0,0,0,0,0,0,0,0,0,1,1,0
72,0,1,0,0,1,0,0,1,0,0,0,0,1,1
73,0,0,0,0,0,0,1,0,0,0,1,0,1,0
74,0,0,0,0,1,0,1,0,0,1,0,0,0,0
75,0,0,0,0,0,0,0,0,0,0,0,1,1,0
76,0,0,0,0,1,0,1,1,0,0,1,0,1,1
80,0,1,0,0,0,0,1,1,0,0,1,1,1,1
82,0,0,0,1,0,0,1,1,0,0,1,1,0,0
83,0,0,0,0,0,0,0,0,0,0,0,0,0,0
84,0,0,0,0,1,0,0,0,0,0,1,0,0,1
85,1,1,0,0,0,0,0,1,0,0,1,0,1,1
88,0,1,0,0,1,1,0,0,0,0,0,0,0,0
90,0,0,0,0,0,0,0,0,0,0,0,1,1,0
91,0,0,0,0,1,0,0,0,0,0,1,0,1,1
95,0,1,0,0,1,0,0,1,0,0,0,0,0,0
98,0,0,0,0,1,0,0,1,0,0,0,0,1,1
99,0,1,0,0,1,1,1,0,0,1,0,0,1,1
100,0,1,0,0,1,0,1,0,0,0,0,0,1,1
101,0,0,0,0,1,0,0,0,0,1,1,0,0,1
102,0,0,0,0,0,0,1,0,0,0,1,0,1,1
106,0,1,0,0,0,0,1,1,0,0,0,0,0,1
110,0,0,0,0,1,0,0,0,0,0,1,1,1,0
111,0,0,0,1,0,0,0,0,0,0,0,0,1,1
112,0,0,0,0,0,0,1,1,0,0,0,1,1,0
113,0,1,0,0,0,0,0,0,0,0,0,0,0,0
114,0,0,0,0,1,0,0,0,0,0,1,1,1,0
116,0,0,0,0,0,0,1,0,0,0,1,1,1,1
117,0,1,0,0,1,0,1,0,0,1,0,1,1,1
118,0,1,0,0,1,0,1,0,0,0,0,1,0,1
120,0,1,0,0,0,0,1,1,0,0,0,1,0,1
123,0,1,0,0,0,0,1,0,0,0,1,1,0,0
124,1,1,0,0,1,0,0,0,0,0,0,0,0,0
126,0,0,0,0,0,0,0,0,0,0,0,0,1,1
127,0,0,0,0,1,0,0,0,0,0,1,0,0,1
128,0,0,0,0,1,0,0,1,0,0,0,0,0,1
129,0,0,0,0,1,0,0,0,0,0,1,1,0,0
131,0,1,0,0,0,0,0,1,0,0,1,0,0,1
135,0,0,0,0,1,0,0,0,0,0,1,0,1,0
137,0,1,0,0,0,0,0,0,0,0,0,0,1,1
138,0,0,0,0,0,0,0,0,0,0,0,0,0,1
140,0,1,0,0,0,0,0,0,0,0,0,1,0,0
141,0,0,0,0,1,0,0,0,0,1,1,1,1,0
142,0,1,0,0,1,0,0,0,0,1,1,0,1,1
143,0,1,0,0,0,0,0,1,0,0,1,0,1,1
146,0,0,0,0,0,0,0,0,0,0,0,0,0,0
148,0,0,0,0,1,0,1,0,0,0,0,0,1,1
150,0,0,0,1,1,0,0,0,0,1,1,0,1,0
152,0,1,0,0,1,0,0,0,0,0,1,1,0,0
153,0,0,0,0,0,0,0,0,0,0,0,0,1,1
154,0,1,0,0,1,0,1,1,0,0,1,0,0,1
155,0,0,0,0,1,0,0,0,0,0,1,0,0,0
157,0,0,0,0,0,0,0,0,0,0,0,0,1,0
158,0,0,0,0,0,0,0,1,0,0,1,0,0,0
161,0,0,0,0,0,0,0,0,0,0,0,1,1,1
162,0,0,1,0,0,0,0,0,0,0,0,0,0,0
163,0,1,0,0,0,0,0,0,0,0,0,1,0,0
167,0,0,0,0,1,0,0,0,0,0,1,0,1,0
170,0,0,1,0,1,0,0,0,0,0,1,0,1,0
171,0,1,1,0,0,0,0,0,0,0,0,0,1,1
172,0,0,1,0,1,0,0,0,0,0,1,0,1,1
173,0,0,0,0,0,0,0,0,0,0,0,1,0,1
174,0,0,0,1,1,0,0,0,0,0,0,1,0,0
176,0,0,0,0,1,1,0,0,0,0,0,1,0,0
178,0,0,0,1,0,0,0,0,0,0,0,1,1,0
182,0,0,0,1,1,0,0,0,0,0,1,0,1,1
184,0,1,0,0,1,0,1,0,0,0,0,0,1,1
186,0,0,0,0,0,0,0,0,0,0,0,0,0,0
187,0,0,0,0,1,0,0,0,0,1,1,0,0,0
189,0,0,0,1,1,0,0,0,0,1,1,0,0,0
190,1,1,0,0,1,0,0,0,0,0,1,1,1,0
191,0,1,0,0,0,0,0,0,0,0,0,1,0,0
192,0,0,0,0,1,0,0,0,0,0,1,0,0,0
193,0,0,0,0,0,0,0,1,0,0,0,1,1,1
194,0,0,0,1,0,0,0,0,0,0,0,0,0,1
195,0,0,0,0,0,0,0,1,0,0,1,0,1,1
196,0,0,0,0,0,0,0,0,0,0,0,0,1,1
198,0,0,0,0,0,0,1,0,0,0,1,0,1,0
199,0,0,0,0,1,0,0,0,0,0,1,0,0,0
201,0,1,0,0,0,0,0,0,0,0,0,0,0,0
204,0,0,0,0,0,0,0,0,0,0,0,0,0,1
205,0,0,0,0,1,0,0,0,0,0,1,0,0,0
209,0,0,0,0,1,0,0,0,0,0,1,0,0,0
213,0,0,0,0,1,0,0,0,0,0,1,0,0,1
214,0,0,0,0,1,0,0,0,0,1,1,1,0,0
215,0,1,0,0,0,0,0,0,0,0,0,0,0,0
216,0,1,0,0,1,0,0,0,0,0,0,0,0,1
217,0,1,0,0,1,0,0,0,0,0,1,0,1,1
219,0,1,0,0,0,0,0,0,0,0,0,1,0,0
220,0,1,0,0,0,0,0,0,0,0,0,0,1,1
222,0,0,0,1,1,0,1,0,0,0,1,0,0,0
223,0,0,0,0,0,0,1,0,0,0,1,1,0,0
225,0,0,0,0,1,0,0,0,0,0,1,0,0,0
226,0,0,0,0,1,0,0,0,0,1,1,0,1,0
227,0,1,0,0,0,0,1,0,0,0,1,0,1,1
228,0,0,0,0,0,0,1,0,0,0,1,0,0,0
229,0,0,0,0,1,0,1,1,0,0,1,0,1,1
230,0,1,0,0,1,0,0,0,0,0,0,0,0,1
231,0,0,0,0,1,0,0,0,0,0,1,0,0,0
233,0,1,0,0,1,0,0,0,0,1,1,1,1,1
234,0,0,0,0,0,0,0,0,0,0,0,0,0,0
235,0,0,0,0,1,0,1,0,0,0,1,0,1,0
237,0,0,0,1,1,0,0,0,0,0,1,0,0,0
238,0,1,0,0,0,0,1,0,0,0,1,1,0,0
239,1,0,0,0,0,0,1,1,0,1,0,0,1,1
240,0,1,0,0,1,0,0,0,0,0,0,0,1,0
241,0,0,0,0,1,0,0,0,0,0,0,0,0,1
243,0,0,0,0,0,0,1,0,0,0,1,1,0,0
244,0,0,0,0,0,0,0,0,0,0,0,1,0,0
245,0,0,0,0,0,0,0,1,0,0,1,0,1,1
246,0,0,0,0,0,0,0,0,0,0,0,0,0,0
248,0,0,0,0,1,0,0,0,0,0,1,0,1,0
250,0,0,0,0,0,0,0,0,0,0,0,0,0,0
251,0,1,0,0,0,0,1,1,0,0,0,0,0,0
252,0,0,0,0,1,0,0,0,0,0,1,0,1,1
254,0,0,0,0,0,0,1,0,0,0,1,0,0,1
255,0,0,0,0,0,0,0,1,0,1,1,1,0,1
257,0,0,0,0,0,0,0,0,0,0,0,1,0,0
258,0,0,0,0,1,0,0,0,0,0,1,0,0,0
261,0,0,0,0,1,0,0,1,0,0,0,0,0,0
263,0,0,0,0,1,0,1,0,0,1,0,0,0,0
264,0,0,0,0,0,0,1,0,0,0,1,0,1,1
265,0,0,0,0,1,0,0,0,0,0,1,0,1,0
266,0,1,0,0,1,0,0,0,0,0,1,1,1,0
267,0,0,0,0,0,0,1,0,0,0,1,0,0,0
268,0,0,0,0,1,0,0,0,0,0,1,1,1,1
269,0,0,0,0,1,0,0,0,0,0,1,0,1,0
270,0,0,0,0,1,0,1,0,0,0,0,0,0,0
271,0,0,0,0,1,0,0,0,0,0,1,0,1,1
272,0,0,0,0,1,0,0,0,0,1,1,0,1,0
274,0,0,0,0,0,0,0,0,0,0,0,0,0,0
275,0,0,0,0,1,0,0,0,0,0,1,0,0,0
276,0,0,0,0,1,0,0,0,0,0,1,0,0,0
277,0,0,0,0,0,0,1,0,0,0,1,0,1,1
278,0,0,0,0,0,0,0,0,0,0,0,1,1,0
279,0,1,0,0,0,0,0,0,0,0,0,0,0,1
283,0,0,0,0,1,0,0,0,0,0,1,0,0,1
284,0,0,0,0,1,0,1,0,0,0,0,1,0,0
285,0,0,0,0,1,0,0,0,0,0,1,0,1,0
286,0,0,0,0,1,0,0,0,0,0,1,1,1,0
287,0,1,0,0,1,0,0,0,0,1,1,1,0,0
288,0,0,0,0,1,0,0,0,0,0,1,1,0,0
289,0,1,0,0,0,0,0,0,0,0,0,1,0,0
290,0,1,0,0,0,0,0,1,0,0,1,1,1,1
291,0,0,0,0,1,0,1,1,0,0,1,0,0,0
294,0,0,0,0,0,0,0,1,0,0,1,1,1,1
295,0,1,0,0,1,0,0,1,0,0,0,0,1,1
296,0,1,0,0,1,0,0,0,0,1,1,0,1,0
297,0,0,0,0,1,0,1,0,0,0,1,1,0,1
298,0,0,0,0,0,0,0,0,0,0,0,1,1,0
299,0,1,0,0,0,0,0,0,0,0,0,0,0,1
300,0,0,0,0,0,0,0,0,0,0,0,1,0,1
301,0,0,0,0,1,0,1,1,0,0,1,0,0,0
302,0,0,0,0,0,0,0,1,0,1,1,0,1,1
303,0,0,0,0,1,0,0,0,0,0,1,0,1,0
305,0,0,0,0,0,0,0,0,0,0,0,1,1,1
306,0,1,0,0,1,0,0,0,0,0,1,1,0,0
308,0,0,0,0,1,0,1,0,0,0,0,0,1,0
311,0,0,0,0,0,0,0,1,0,1,1,1,0,1
312,0,0,0,0,0,0,0,1,0,0,0,1,1,1
313,0,0,0,0,0,0,1,1,0,0,0,1,0,0
314,0,0,0,0,1,0,0,0,0,0,1,0,0,0
315,0,0,0,0,1,0,0,0,0,0,1,0,1,0
316,0,0,0,0,1,0,0,0,0,0,1,1,1,1
317,0,0,0,0,0,0,0,1,0,0,1,1,1,1
318,0,0,0,0,0,0,0,0,0,0,0,1,1,1
319,0,0,0,0,0,0,0,0,0,0,0,1,0,0
320,0,0,0,0,1,1,0,0,0,0,1,1,0,0
322,0,1,0,0,0,0,1,1,0,0,0,1,1,1
323,0,1,0,0,0,0,0,0,0,0,0,1,1,1
324,0,0,0,0,1,0,0,0,0,0,0,1,0,0
325,0,0,0,0,1,0,0,0,0,0,1,0,0,0
326,0,0,0,0,0,0,1,1,0,0,0,0,0,1
327,0,0,0,0,1,0,0,1,0,0,0,0,0,0
328,0,0,0,0,1,0,0,0,0,1,1,1,1,1
329,0,0,0,0,0,0,0,0,0,0,0,0,0,0
330,0,0,0,0,1,0,0,0,0,0,0,0,0,0
333,0,1,0,0,0,0,1,1,0,0,1,1,1,1
334,0,0,0,0,1,0,0,0,0,0,1,1,0,0
335,0,0,0,0,0,0,0,0,0,0,0,0,0,0
336,0,0,0,0,1,0,1,0,0,0,0,1,0,0
337,0,1,0,0,1,0,0,0,0,0,1,0,0,0
338,0,0,0,0,0,0,0,0,0,0,0,0,1,0
339,0,0,0,0,1,0,0,0,0,0,1,0,0,1
340,0,0,0,0,1,0,1,0,0,0,0,0,1,1
341,0,0,0,0,0,0,1,1,0,0,0,1,1,1
343,0,0,0,0,1,0,0,1,0,0,0,0,0,1
344,0,0,0,0,1,0,0,1,0,0,0,0,1,1
345,0,1,0,0,1,0,0,0,0,0,0,1,1,1
346,0,1,0,0,0,0,0,0,0,0,0,0,0,0
349,0,1,0,0,0,0,1,0,0,0,1,1,1,1
355,0,0,0,0,0,0,0,0,0,0,0,0,0,0
356,0,1,0,0,1,0,0,0,0,0,1,0,1,1
357,0,0,0,0,1,0,0,0,0,0,0,0,0,0
358,0,0,0,0,1,0,0,0,0,0,1,0,1,1
359,0,0,0,0,1,0,0,0,0,0,1,0,0,0
360,0,0,0,0,1,0,1,0,0,0,0,1,0,0
361,0,1,0,0,1,0,0,0,0,0,1,1,0,0
362,0,1,0,0,1,0,0,1,0,0,0,1,0,1
365,0,1,0,0,0,0,0,0,0,0,0,1,1,0
366,0,0,0,0,1,0,0,0,0,0,1,1,1,1
368,0,0,0,0,0,0,0,0,0,0,0,0,0,0
370,0,0,0,0,0,0,1,0,0,0,1,0,1,1
372,1,1,0,0,1,0,0,0,0,0,0,0,0,1
373,0,0,0,0,1,0,0,0,0,1,1,1,0,0
374,0,0,0,0,1,0,0,0,0,0,1,1,0,0
375,0,1,0,0,1,0,0,1,0,0,0,1,0,1
377,0,0,0,0,1,0,0,0,0,0,0,0,1,1
380,0,0,0,0,1,0,0,0,0,0,0,0,1,1
381,0,1,0,0,1,0,0,0,0,0,1,0,0,0
382,0,0,0,0,0,0,1,0,0,0,1,0,1,0
383,0,0,0,0,0,0,0,0,0,0,0,1,1,1
384,0,0,0,0,1,0,0,0,0,0,1,0,0,0
385,0,0,0,0,0,0,0,1,0,1,1,0,0,1
386,0,0,0,0,1,0,0,0,0,0,1,0,1,0
387,0,0,0,0,1,0,1,0,0,1,0,0,1,1
388,0,1,0,0,1,0,0,0,0,0,1,1,0,0
389,0,0,0,0,1,0,0,0,0,0,1,1,0,0
390,0,0,0,0,1,0,0,0,0,0,1,1,0,0
392,0,0,0,0,1,0,0,0,0,0,1,1,1,0
393,0,0,0,0,0,0,0,0,0,0,0,0,0,1
394,0,0,0,0,0,0,0,1,0,0,1,1,0,0
395,0,0,0,0,1,1,0,0,0,0,1,0,0,1
398,0,0,0,0,1,0,0,0,0,0,0,1,1,0
399,0,0,0,0,1,0,0,0,0,0,0,1,1,1
400,0,1,0,0,1,0,0,0,0,1,1,1,0,0
401,0,0,0,0,0,0,0,0,0,0,0,0,0,0
402,0,0,0,0,0,0,1,0,0,0,1,1,0,0
403,0,0,0,0,0,0,0,0,0,0,0,0,0,0
404,0,0,0,0,0,0,0,0,0,0,0,0,1,1
405,0,0,0,0,0,0,0,0,0,0,0,0,1,1
407,0,1,0,0,0,0,0,0,0,0,0,0,0,1
411,0,0,0,0,1,0,0,0,0,0,1,0,1,0
412,0,1,0,0,0,0,0,1,0,0,0,0,0,0
413,0,0,0,0,0,0,0,0,0,0,0,1,1,0
415,0,1,0,0,0,1,0,0,0,0,0,0,1,0
416,0,0,0,0,0,0,0,1,0,0,1,0,0,0
418,0,0,0,0,0,0,0,0,0,0,0,0,0,0
420,0,0,0,0,1,0,0,0,0,0,1,0,1,1
421,1,1,0,0,0,0,0,1,0,0,1,0,0,1
422,0,0,0,0,1,0,0,0,0,0,0,1,1,0
424,0,0,0,0,0,1,0,0,0,0,0,0,0,0
426,0,0,0,0,1,0,0,0,0,0,1,1,0,0
427,0,0,0,0,1,0,1,0,0,0,1,0,1,0
428,0,0,0,0,0,0,0,0,0,0,0,1,0,0
431,0,1,0,0,0,0,0,0,0,0,0,1,0,0
432,0,1,0,0,1,0,0,0,0,1,1,0,0,0
435,0,0,0,0,1,0,0,0,0,0,1,1,0,0
439,0,0,0,0,1,0,0,0,0,0,0,0,0,0
441,0,0,0,0,1,0,0,0,0,0,1,0,1,1
443,0,0,0,0,0,0,0,0,0,0,0,0,1,0
444,0,0,0,0,0,0,0,0,0,0,0,0,1,0
446,0,1,0,0,1,0,1,1,0,0,1,1,1,1
447,0,0,0,0,1,0,0,0,0,0,0,0,1,1
448,0,0,0,0,1,0,0,0,0,0,1,0,0,0
449,0,0,0,0,1,0,0,0,0,0,1,0,0,0
450,0,1,0,0,0,0,1,0,0,0,1,0,1,1
451,0,0,0,0,0,0,0,0,0,0,0,0,0,0
452,0,0,0,0,0,0,0,0,0,0,0,0,0,0
455,0,1,0,0,1,0,1,1,0,0,1,0,1,1
456,0,1,0,0,1,0,0,0,0,0,0,0,0,1
457,0,0,0,0,1,0,0,0,0,0,1,0,0,0
459,0,0,0,0,0,0,0,0,0,0,0,0,0,0
460,0,0,0,0,0,0,0,0,0,0,0,1,0,0
461,0,0,0,0,0,0,0,0,0,0,0,0,0,0
462,0,0,0,0,0,0,0,0,0,0,0,0,0,0
463,0,0,0,0,0,0,0,0,0,0,0,0,0,0
464,0,0,0,0,1,0,0,0,0,0,1,1,0,0
465,0,1,0,0,0,0,0,0,0,0,0,1,0,0
467,0,0,0,0,0,0,0,0,0,0,0,0,1,0
468,0,1,0,0,0,0,0,0,0,0,0,1,0,1
469,0,0,0,0,0,0,0,0,0,0,0,0,1,0
470,0,0,0,0,1,0,1,0,0,1,0,0,1,0
471,0,0,0,0,0,0,0,0,0,0,0,0,1,0
473,0,0,0,0,0,0,0,1,0,0,1,0,0,1
474,0,1,0,0,0,0,0,0,0,0,0,0,0,0
475,0,1,0,0,1,0,0,0,0,0,1,0,0,0
476,0,1,0,0,0,0,0,0,0,0,0,0,1,0
478,0,0,0,0,0,0,1,0,0,0,1,0,1,1
479,0,0,0,0,1,0,0,0,0,0,0,1,0,0
480,0,0,0,0,1,0,0,0,0,0,1,1,1,0
482,0,0,0,0,1,0,1,0,0,0,0,0,1,0
483,0,0,0,0,0,0,0,0,0,0,0,1,0,0
485,0,0,0,0,1,0,0,1,0,0,0,0,1,1
486,0,0,0,0,1,0,0,0,0,0,1,0,1,1
488,0,0,0,0,0,0,0,0,0,0,0,0,0,0
489,0,1,0,0,1,0,0,0,0,0,1,0,0,0
490,0,0,0,0,0,0,0,0,0,0,0,0,0,0
491,0,0,0,0,0,0,0,0,0,0,0,0,0,0
492,0,1,0,0,0,0,0,1,0,0,1,0,1,1
493,0,0,0,0,0,0,0,0,0,0,0,0,0,0
494,0,0,0,0,0,0,0,1,0,0,1,1,1,1
495,0,0,0,0,1,0,0,0,0,0,1,0,1,0
496,0,0,0,0,1,0,0,0,0,0,1,0,1,0
497,0,0,0,0,1,0,0,0,0,0,1,1,1,0
498,0,0,0,0,0,0,0,0,0,0,0,1,1,1
499,0,0,0,0,1,0,0,0,0,0,1,0,1,0
500,0,0,0,0,0,0,0,0,0,0,0,0,1,1
501,0,0,0,0,1,0,0,0,0,0,1,0,0,0
502,0,1,0,0,1,0,0,0,0,0,1,0,0,0
504,0,0,0,0,1,0,0,0,0,0,0,0,1,0
505,0,0,0,0,1,0,0,0,0,1,1,1,1,1
507,0,0,0,0,1,0,0,0,0,0,1,0,1,0
508,0,0,0,0,1,0,0,0,0,0,0,0,0,0
510,0,0,0,0,1,0,1,0,0,1,0,0,1,0
511,0,0,0,0,0,0,0,0,0,0,0,0,0,0
512,0,0,0,0,1,0,0,0,0,1,1,1,0,0
513,0,0,0,0,1,0,0,0,0,0,1,0,0,0
514,0,1,0,0,1,0,0,0,0,0,1,1,0,0
515,0,0,0,0,0,0,1,0,0,0,1,1,0,0
518,0,0,0,0,0,0,0,0,0,0,0,0,0,0
519,0,0,0,0,0,0,0,0,0,0,0,0,0,0
521,0,0,0,0,0,0,0,0,0,0,0,0,0,0
522,0,0,0,0,1,0,0,0,0,0,1,0,0,0
523,0,0,0,0,1,0,0,1,0,0,0,0,1,1
524,0,0,0,0,1,0,0,0,0,1,1,0,0,0
525,0,0,0,0,0,0,0,0,0,0,0,1,1,0
526,0,0,0,0,0,0,0,0,0,0,0,0,0,0
527,0,1,0,0,1,0,0,0,0,0,1,0,0,0
528,1,0,0,0,0,1,0,0,0,0,0,0,1,0
529,0,1,0,0,1,0,0,1,0,0,0,0,0,0
532,0,0,0,0,1,0,0,0,0,0,1,0,0,0
533,0,0,0,0,0,0,0,0,0,0,0,0,0,0
534,0,0,0,0,0,0,0,0,0,0,0,0,0,0
535,0,1,0,0,0,0,0,0,0,0,0,0,0,0
538,0,0,0,0,0,0,0,0,0,0,0,0,0,0
539,0,0,0,0,0,0,0,1,0,0,1,0,0,0
541,0,0,0,0,0,0,0,0,0,0,0,0,0,0
542,0,0,0,0,0,0,0,0,0,0,0,1,1,0
543,0,1,0,0,0,0,0,1,0,0,1,0,1,1
544,0,0,0,0,0,0,0,0,0,0,0,0,1,0
545,0,1,0,0,1,0,0,0,0,0,1,1,0,0
547,0,0,0,0,0,0,1,1,0,0,0,0,0,0
549,0,0,0,0,1,0,0,0,0,0,0,0,0,0
552,0,1,0,0,1,0,0,0,0,0,1,0,1,1
554,0,0,0,0,1,0,0,0,0,1,1,0,0,0
555,0,0,0,0,1,0,0,0,0,0,1,0,0,0
556,0,0,0,0,0,0,0,1,0,1,1,0,0,0
559,0,1,0,0,0,0,0,0,0,0,0,0,0,0
560,0,1,0,0,1,0,0,0,0,0,1,1,1,0
561,0,1,0,0,0,0,1,1,0,1,0,0,0,0
562,0,0,0,0,0,0,0,0,0,0,0,0,0,1
563,0,0,0,0,0,0,0,0,0,0,0,0,1,0
564,0,0,0,0,0,0,0,0,0,0,0,1,1,1
565,0,1,0,0,1,0,0,1,0,0,0,0,1,1
566,0,0,0,0,1,0,0,0,0,0,1,0,0,0
567,0,1,0,0,0,0,0,1,0,0,1,0,0,0
568,0,0,0,0,1,0,0,0,0,0,1,0,0,0
569,0,0,0,0,0,0,0,0,0,0,0,0,0,0
570,0,0,0,0,1,0,0,0,0,0,1,1,0,0
571,0,0,0,0,1,0,0,0,0,0,0,0,0,0
572,0,0,0,0,0,0,1,0,0,0,1,0,1,0
577,0,0,0,0,1,0,0,0,0,1,1,0,1,0
578,0,0,0,0,1,0,0,0,0,0,1,0,1,1
581,0,0,0,0,1,0,0,0,0,0,0,0,0,0
583,0,0,0,0,0,0,0,0,0,0,0,0,0,0
584,0,0,0,0,1,0,0,0,0,0,0,0,0,0
585,0,1,0,0,1,0,0,1,0,0,0,1,1,1
586,0,0,0,0,1,0,1,1,0,0,1,0,1,1
587,0,0,0,0,1,0,1,0,0,0,0,0,0,0
588,0,0,0,0,0,0,0,0,0,0,0,1,1,1
589,0,1,0,0,1,0,0,0,0,0,1,0,0,0
590,0,1,0,0,0,1,1,0,0,0,1,1,0,0
593,0,0,0,0,1,0,0,1,0,0,0,0,1,1
594,0,0,0,0,1,0,0,0,0,0,0,0,0,1
595,0,1,0,0,0,0,0,1,0,1,1,1,1,1
596,0,0,0,0,1,0,0,0,0,0,1,1,0,0
597,0,0,0,0,0,0,0,0,0,0,0,0,0,0
598,0,0,0,0,0,0,0,0,0,0,0,0,0,1
599,0,0,0,0,1,0,0,0,0,0,1,0,1,1
600,0,0,0,0,0,0,0,0,0,0,0,1,0,0
602,0,1,0,0,0,0,0,0,0,0,0,0,0,0
603,0,0,0,0,1,0,0,0,0,0,1,1,1,1
605,0,0,0,0,1,0,0,0,0,0,1,0,0,0
607,0,0,0,0,1,0,0,0,0,1,1,0,0,0
608,0,0,0,0,1,0,0,0,0,0,1,0,0,0
609,0,1,0,0,1,0,0,0,0,0,1,0,1,1
610,0,0,0,0,0,0,0,0,0,0,0,0,0,0
611,0,0,0,0,1,0,0,0,0,0,1,0,1,0
613,0,0,0,0,0,0,0,0,0,0,0,1,0,0
614,0,1,0,0,0,1,0,0,0,0,0,1,0,0
615,0,0,0,0,1,0,0,0,0,0,0,0,1,0
616,0,0,0,0,0,0,0,1,0,0,1,1,1,1
617,0,1,0,0,1,0,0,0,0,0,1,0,1,0
618,0,0,0,0,1,0,0,0,0,0,0,1,1,0
619,0,0,0,0,0,0,0,0,0,0,0,0,1,1
620,0,0,0,0,1,0,0,0,0,0,1,1,1,1
621,0,0,0,0,1,0,0,0,0,0,0,0,1,1
622,0,0,0,0,1,0,1,0,0,0,0,0,0,0
623,0,1,0,0,1,1,0,0,0,1,1,1,0,0
624,0,1,0,0,0,0,0,0,0,0,0,1,1,0
625,0,0,0,0,0,0,0,0,0,0,0,0,1,1
626,0,0,0,0,1,0,0,0,0,0,0,1,1,0
627,0,0,0,0,0,0,0,0,0,0,0,1,0,0
628,0,0,0,0,0,0,0,1,0,0,1,1,1,0
629,0,1,0,0,1,0,0,0,0,0,1,0,0,1
630,0,0,0,0,1,0,0,0,0,0,1,1,0,0
631,0,1,0,0,1,0,0,0,0,0,1,0,0,0
632,0,0,0,0,1,0,0,0,0,0,1,0,0,0
633,0,0,0,0,1,0,0,0,0,0,0,0,1,0
635,0,0,0,0,0,0,0,0,0,0,0,0,1,0
636,0,1,0,0,1,0,0,0,0,0,1,0,0,0
637,0,0,0,0,0,0,0,0,0,0,0,1,0,0
638,0,0,0,0,1,0,0,1,0,0,0,0,1,1
639,0,0,0,0,1,0,0,0,0,0,1,0,0,1
641,0,0,0,0,1,0,0,0,0,0,0,1,0,0
642,0,0,0,0,1,0,0,0,0,0,1,0,1,0
643,0,0,0,0,1,0,0,0,0,1,1,0,0,0
644,0,1,0,0,1,0,0,0,0,1,1,0,1,0
645,0,1,0,0,1,0,0,0,0,0,1,0,1,0
647,0,1,0,0,1,0,0,0,0,0,1,0,0,0
649,0,0,0,0,1,0,0,0,0,1,1,0,1,0
650,0,1,0,0,1,0,0,0,0,0,0,0,0,0
651,0,0,0,0,1,0,1,1,0,0,1,0,0,1
652,0,0,0,0,1,0,0,0,0,0,1,0,0,0
653,0,0,0,0,1,0,0,0,0,1,1,0,0,0
655,0,1,0,0,0,0,0,0,0,0,0,0,0,0
656,0,0,0,0,0,0,0,0,0,0,0,0,1,0
657,0,0,0,0,0,0,0,0,0,0,0,1,0,0
661,0,0,0,0,0,0,1,1,0,1,0,0,1,0
663,0,0,0,0,0,0,0,0,0,0,0,0,1,1
664,0,0,0,0,0,0,0,0,0,0,0,0,0,0
665,0,0,0,0,0,1,0,0,0,0,0,1,1,0
667,0,0,0,0,1,0,0,0,0,0,1,0,1,0
668,0,0,0,0,1,0,0,1,0,0,0,0,0,0
669,0,0,0,0,1,0,0,0,0,0,1,0,0,0
673,0,0,0,0,1,0,0,0,0,0,0,0,0,0
674,0,0,0,0,0,0,0,0,0,0,0,1,1,0
675,0,0,0,0,1,0,0,0,0,0,0,0,1,1
676,0,0,0,0,1,0,1,1,0,0,1,0,0,0
677,0,1,0,0,0,0,1,0,0,0,1,0,1,1
678,0,0,0,0,0,0,0,0,0,0,0,0,1,1
680,0,1,0,0,0,0,0,0,0,0,0,0,0,0
681,0,0,0,0,1,0,0,0,0,0,1,0,0,0
682,0,1,0,0,1,0,0,0,0,0,1,1,1,1
684,0,0,0,0,1,0,0,0,0,0,0,0,0,0
685,0,0,0,0,0,0,0,0,0,0,0,0,1,0
686,0,0,0,0,1,0,0,0,0,0,0,0,1,1
687,0,1,0,0,0,0,0,0,0,0,0,0,0,0
688,1,0,0,0,0,0,0,0,0,0,0,1,1,0
690,0,0,0,0,1,0,0,0,0,0,1,1,0,0
692,0,1,0,0,0,0,0,0,0,0,0,0,0,0
693,0,0,0,0,0,0,0,0,0,0,0,0,0,0
695,0,0,0,0,0,0,0,0,0,0,0,1,0,0
697,0,0,0,0,0,0,0,0,0,0,0,0,0,0
698,0,0,0,0,0,0,0,0,0,0,0,0,0,0
699,0,0,0,0,1,0,0,0,0,0,0,0,1,0
700,0,0,0,0,0,0,0,0,0,0,0,0,1,0
701,0,0,0,0,1,0,0,0,0,0,1,0,0,0
702,0,0,0,0,0,0,0,1,0,1,1,0,1,0
703,0,1,0,0,1,0,0,0,0,0,1,0,0,0
704,0,0,0,0,1,0,0,0,0,0,1,0,0,0
706,0,0,0,0,0,0,0,0,0,0,0,1,0,0
707,0,0,0,0,0,0,0,0,0,0,0,1,0,0
708,0,1,0,0,0,0,0,1,0,0,1,0,0,0
709,0,0,0,0,0,0,0,0,0,0,0,0,1,1
711,0,0,0,0,1,0,0,0,0,0,1,0,0,0
713,0,0,0,0,0,0,0,0,0,0,0,1,1,0
714,0,0,0,0,0,0,0,0,0,0,0,1,0,0
717,0,0,0,0,0,0,0,0,0,0,0,0,0,0
718,0,0,0,0,1,0,0,0,0,0,1,0,0,0
720,0,0,0,0,0,0,1,1,0,1,0,0,1,1
722,0,0,1,0,1,0,1,1,0,0,1,0,0,1
723,0,0,1,1,1,0,1,0,0,0,0,0,1,1
727,0,0,1,0,0,0,1,0,0,0,1,1,1,0
735,0,0,1,1,0,0,1,1,0,1,0,1,0,0
740,1,1,1,1,1,0,1,1,0,0,1,1,1,1
741,0,0,1,0,0,0,0,1,0,0,1,0,0,0
746,0,1,1,1,0,0,1,1,0,0,0,0,1,1
751,0,1,1,1,0,1,1,0,0,0,1,0,0,1
753,0,1,1,1,1,0,1,0,0,0,1,0,0,1
754,0,0,1,0,1,0,0,0,0,0,1,0,0,0
758,0,0,1,1,1,0,0,0,0,0,1,0,0,1
759,0,0,1,1,0,0,0,0,0,0,0,0,1,1
762,0,1,1,1,0,0,1,1,0,0,0,0,1,1
764,0,0,1,1,0,0,1,1,0,1,0,1,1,1
766,0,1,1,0,0,0,0,0,0,0,0,0,0,0
767,0,1,1,1,0,0,1,1,0,0,0,0,1,1
768,0,0,1,1,0,0,1,0,0,0,1,0,1,1
770,0,0,1,1,0,0,1,1,0,0,0,0,1,1
772,0,1,1,1,0,0,1,1,0,0,1,0,0,1
779,0,0,1,1,1,1,1,0,0,0,1,0,0,0
780,0,1,1,1,0,0,1,1,0,0,1,0,1,1
781,1,0,1,1,1,0,1,0,0,0,0,0,0,0
782,0,0,1,0,1,0,0,0,0,0,0,1,0,1
783,0,0,1,0,0,0,0,0,0,0,0,0,1,1
785,0,1,1,1,1,0,0,1,0,0,0,0,0,1
786,0,1,1,0,1,1,1,0,0,0,0,1,1,1
787,0,0,1,1,0,0,1,0,0,0,1,1,0,0
793,0,0,1,0,1,0,0,0,0,1,1,0,1,1
795,0,0,1,0,0,0,0,1,0,0,0,1,1,1
796,0,0,1,1,1,0,1,0,0,0,0,1,0,0
797,0,0,1,1,1,0,1,0,0,0,0,1,0,0
798,0,0,1,1,0,0,1,1,0,0,0,1,1,1
799,0,0,1,1,1,0,1,0,0,0,1,1,0,0
800,0,1,1,0,1,0,1,1,0,0,1,0,1,1
802,0,0,1,1,1,0,0,0,0,0,1,0,1,1
805,0,1,1,1,1,0,1,0,0,0,1,1,0,1
806,0,0,1,1,0,0,1,0,0,0,1,1,1,0
808,0,0,1,0,0,0,0,1,0,0,1,0,0,0
811,0,0,1,1,0,0,1,1,0,1,0,0,1,0
813,0,0,1,0,1,0,0,1,0,0,0,0,1,1
814,0,1,1,0,0,0,0,0,0,0,0,0,0,1
816,1,0,1,1,0,1,0,1,0,0,1,1,0,1
817,0,0,1,1,1,0,1,1,0,0,1,0,0,0
819,0,0,1,1,0,0,0,0,0,0,0,0,0,1
823,0,0,1,1,1,0,1,0,0,0,0,0,0,0
826,0,0,1,0,1,0,1,0,0,0,0,0,0,0
827,0,0,1,1,0,0,1,1,0,0,0,0,0,1
829,0,1,1,0,1,0,0,0,0,0,1,1,0,1
830,0,0,1,0,1,0,0,0,0,0,0,1,0,0
831,0,1,1,1,1,0,1,0,0,0,0,0,0,0
834,0,0,1,1,1,0,1,0,0,0,0,0,0,0
835,0,1,1,0,0,1,1,1,0,0,0,0,1,1
839,0,0,1,1,1,0,1,0,0,0,0,0,0,1
841,0,0,1,0,1,0,1,0,0,0,0,1,0,1
842,0,0,1,1,1,0,1,0,0,0,0,0,0,0
843,0,1,1,1,0,0,1,1,0,0,0,0,0,1
844,0,0,1,0,0,0,0,0,0,0,0,1,1,0
846,0,0,1,1,1,0,1,0,0,1,0,0,1,1
848,0,0,1,0,0,0,1,0,0,0,1,0,0,0
849,0,0,1,0,1,0,0,0,0,1,1,0,0,0
851,0,1,1,1,0,0,1,1,0,0,0,0,1,1
852,0,1,1,0,1,1,0,0,0,0,0,0,0,0
853,0,0,1,0,1,0,0,1,0,0,0,1,1,1
854,0,0,1,0,0,0,0,0,0,0,0,0,0,0
856,0,1,1,1,0,0,1,1,0,0,0,1,1,1
858,0,1,1,0,0,0,0,1,0,0,1,0,0,1
859,0,1,1,0,0,0,1,0,0,0,1,0,0,1
861,0,1,1,1,0,0,1,1,0,0,1,0,1,1
863,0,0,1,0,1,0,0,0,0,1,1,0,1,0
865,0,0,1,0,1,0,0,0,0,0,0,0,1,0
866,0,1,1,0,1,0,0,0,0,0,1,0,1,0
870,0,0,1,0,1,0,0,0,0,0,1,0,1,0
871,0,0,1,1,0,0,0,1,0,0,1,0,0,0
874,0,0,1,0,1,0,0,0,0,0,1,0,1,0
875,0,0,1,0,1,0,0,1,0,0,0,0,0,1
876,0,1,1,0,0,0,0,0,0,0,0,1,0,0
877,0,0,1,1,1,0,1,0,0,1,0,1,0,1
878,0,0,1,0,0,0,0,0,0,0,0,1,0,0
879,0,0,1,0,0,0,0,0,0,0,0,1,0,0
881,0,0,1,0,0,0,0,0,0,0,0,0,0,0
883,0,1,1,1,1,0,1,0,0,0,0,0,1,0
884,0,0,1,0,1,0,0,1,0,0,0,0,0,0
886,0,1,1,0,1,0,1,0,0,0,1,1,1,1
887,0,1,1,1,1,0,0,1,0,0,0,0,1,1
890,0,0,1,1,1,0,0,0,0,0,1,0,1,0
892,0,1,1,0,1,0,0,0,0,0,1,1,1,0
898,0,0,1,0,1,0,1,0,0,1,0,0,0,0
899,0,0,1,1,1,0,0,0,0,0,1,0,0,0
901,0,0,1,0,0,0,1,0,0,0,1,0,1,1
902,0,0,1,0,0,0,0,0,0,0,0,1,1,1
905,0,0,1,1,1,0,0,0,0,0,1,1,0,0
908,0,0,1,0,1,0,0,0,0,0,1,0,1,1
912,1,0,1,1,1,0,0,0,0,0,1,1,1,1
913,0,0,1,0,1,0,0,0,0,0,1,0,0,0
914,0,0,1,1,0,0,0,1,0,1,1,0,1,1
915,0,0,1,0,0,0,0,0,0,0,0,0,0,0
916,0,1,1,0,0,0,0,0,0,0,0,0,1,1
918,0,1,1,1,1,0,0,0,0,0,1,1,0,0
921,0,0,1,0,1,0,0,0,0,1,1,1,0,0
922,0,1,1,1,0,0,1,1,0,0,1,0,1,1
923,1,1,1,0,1,0,0,1,0,0,0,0,0,0
924,0,1,1,0,1,0,0,0,0,0,1,0,0,0
926,0,0,1,1,1,0,0,0,0,1,1,1,1,1
927,0,1,1,0,0,0,0,0,0,0,0,0,0,0
928,0,0,1,0,1,0,0,0,0,0,1,0,0,1
931,0,0,1,0,1,0,0,0,0,0,1,1,0,0
932,0,0,1,0,1,0,0,0,0,0,1,0,0,0
933,0,0,1,0,1,0,0,0,0,0,1,0,0,0
934,0,1,1,0,0,0,0,0,0,0,0,0,1,1
